标题,标签,小区,地段,价格(万),单价,户型,面积,朝向,装修,楼层,年份,形式,关注人数,分布日期,交通,VR,房本,看房时期
世纪星城 带电梯复式 楼上没算面积 适合三代人居住,必看好房,世纪星城 ,通州北苑,550,"59,653元/平",4室2厅 , 92.2平米 , 南 北 , 简装 , 高楼层(共10层) , 2005年建 , 板楼,134人关注 , 2个月以前发布,,VR房源,房本满五年,随时看房
长城国际东向小户型，随时可看，业主诚心出售,必看好房,长城国际 ,通州北苑,183,"37,717元/平",1室1厅 , 48.52平米 , 东 西 , 精装 , 22层 , 2009年建 , 塔楼,8人关注 , 8天以前发布,,VR房源,房本满五年,随时看房
四环边，首开华润城，精装修南北三居室,必看好房,首开华润城 ,科技园区,990,"88,559元/平",3室1厅 , 111.79平米 , 南 北 , 精装 , 中楼层(共9层) , 2018年建 , 板楼,30人关注 , 1个月以前发布,近地铁,VR房源,房本满两年,
星河城西区近地铁，看房子方便视野好没有遮挡,必看好房,星河城西区 ,马家堡,1100,"79,584元/平",3室2厅 , 138.22平米 , 南 北 , 精装 , 中楼层(共11层) , 2006年建 , 板楼,22人关注 , 7天以前发布,近地铁,VR看装修,房本满五年,随时看房
朝阳公园 东风家园 东南三居室 满五年唯一,必看好房,东风家园 ,朝阳公园,650,"69,870元/平",3室1厅 , 93.03平米 , 东南 , 简装 , 高楼层(共18层) , 2000年建 , 塔楼,8人关注 , 5天以前发布,近地铁,VR看装修,房本满五年,随时看房
运河商务区 五河交汇处 满五唯一 南北通透三居,必看好房,京贸国际城 ,武夷花园,820,"59,676元/平",3室2厅 , 137.41平米 , 南 北 , 精装 , 36层 , 2011年建 , 板塔结合,1人关注 , 3天以前发布,,VR房源,房本满五年,随时看房
北二环东城区05年小区有电梯高楼层三居室双卫,必看好房,西营房 ,安定门,1090,"106,435元/平",3室1厅 , 102.41平米 , 北 西 西南 , 精装 , 高楼层(共19层) , 2006年建 , 塔楼,7人关注 , 6天以前发布,近地铁,VR看装修,房本满五年,随时看房
木樨园8号线 精装修南北通透三居室  交通方便,必看好房,南木樨园 ,木樨园,408,"59,476元/平",3室1厅 , 68.6平米 , 南 北 , 精装 , 中楼层(共5层) , 1986年建 , 板楼,2人关注 , 7天以前发布,近地铁,VR看装修,房本满两年,随时看房
卧龙小区眼镜户型三居双卫，满五年唯一，采光视野好,必看好房,卧龙小区 ,亚运村,899,"90,616元/平",3室2厅 , 99.21平米 , 南 北 , 简装 , 高楼层(共7层) , 1997年建 , 板楼,7人关注 , 2天以前发布,近地铁,VR房源,房本满五年,随时看房
三环边，正对小区花园三居室 有车位 满五唯一,必看好房,世纪星家园 ,宋家庄,800,"66,176元/平",3室1厅 , 120.89平米 , 东南 , 精装 , 中楼层(共29层) , 2003年建 , 板塔结合,4人关注 , 4天以前发布,近地铁,VR看装修,房本满五年,随时看房
长阳半岛怡和路6号院 3室2厅 南 北,必看好房,长阳半岛怡和路6号院 ,长阳,700,"50,040元/平",3室2厅 , 139.89平米 , 南 北 , 精装 , 高楼层(共9层) , 2015年建 , 板楼,6人关注 , 4天以前发布,近地铁,VR看装修,房本满五年,随时看房
怡景园精装修三居室，满五年唯一住房，小区有院子会所,必看好房,怡景园 ,朝阳门外,998,"84,419元/平",3室1厅 , 118.22平米 , 东 , 精装 , 低楼层(共14层) , 1997年建 , 塔楼,156人关注 , 4个月以前发布,近地铁,VR房源,房本满五年,
地铁口，精装，带电梯南北4居室,必看好房,紫南家园 ,欢乐谷,852,"51,540元/平",4室2厅 , 165.31平米 , 南 北 , 精装 , 高楼层(共6层) , 2001年建 , 板楼,1人关注 , 6天以前发布,近地铁,VR房源,房本满五年,随时看房
国瑞城中区高楼层把边儿户型三居室，敞亮，方正，好房,必看好房,国瑞城中区 ,崇文门,1190,"113,442元/平",3室2厅 , 104.9平米 , 西 北 南 , 精装 , 高楼层(共16层) , 2007年建 , 塔楼,10人关注 , 5天以前发布,近地铁,VR房源,房本满五年,随时看房
果园西小区 精装修两居室 诚意出售 看房方便,必看好房,果园西小区 ,果园,263,"41,165元/平",2室1厅 , 63.89平米 , 南 , 精装 , 中楼层(共7层) , 2002年建 , 板楼,132人关注 , 3个月以前发布,近地铁,VR看装修,房本满五年,
国瑞城中区 全南三居室 高楼层 费用少,必看好房,国瑞城中区 ,崇文门,1199,"126,718元/平",3室1厅 , 94.62平米 , 南 , 简装 , 中楼层(共11层) , 2006年建 , 塔楼,3人关注 , 6天以前发布,近地铁,VR看装修,房本满五年,随时看房
北亚花园 中间层 满五年唯一 单价低三居 南北通透,必看好房,北亚花园 ,北七家,360,"32,536元/平",3室2厅 , 110.65平米 , 南 北 , 精装 , 中楼层(共6层) , 2003年建 , 板楼,7人关注 , 6天以前发布,,VR看装修,房本满五年,
小区新，环境好，交通方便，观景效果好,必看好房,保利大都汇 ,万达,215,"43,251元/平",1室1厅 , 49.71平米 , 南 , 精装 , 低楼层(共22层) , 2018年建 , 塔楼,18人关注 , 7天以前发布,,VR房源,房本满两年,随时看房
临公园小区中间三居两卫商品房满五年唯一,必看好房,龙腾苑二区 ,回龙观,625,"47,135元/平",3室1厅 , 132.6平米 , 南 北 , 精装 , 高楼层(共6层) , 2003年建 , 板楼,6人关注 , 6天以前发布,近地铁,VR看装修,房本满五年,随时看房
瀛海庄园满五不唯一大面积精装修瀛海名居,必看好房,瀛海庄园 ,亦庄开发区其它,1380,"41,866元/平",5室2厅 , 329.63平米 , 北 南 , 精装 , 底层(共5层) , 2005年建 , 板楼,6人关注 , 19天以前发布,,VR房源,房本满五年,随时看房
高楼层，视野开阔，精致园林，贴心物业禧福汇国际社区,必看好房,禧福汇 ,大望路,1300,"91,997元/平",3室1厅 , 141.31平米 , 南 , 简装 , 高楼层(共20层) , 2009年建 , 板塔结合,18人关注 , 12天以前发布,近地铁,VR房源,房本满五年,随时看房
前进花园石门苑 满五唯一 南北通透 配套齐全 交通便利,必看好房,前进花园石门苑 ,顺义城,345,"35,461元/平",3室1厅 , 97.29平米 , 南 北 , 精装 , 顶层(共6层) , 2004年建 , 板楼,7人关注 , 14天以前发布,,VR房源,房本满五年,随时看房
满五唯一，四面朝南，采光充足，临河观景，动静分离,必看好房,珠江绿洲 ,双桥,768,"47,033元/平",3室2厅 , 163.29平米 , 南 , 精装 , 中楼层(共31层) , 2007年建 , 塔楼,29人关注 , 14天以前发布,近地铁,VR房源,房本满五年,随时看房
万寿路乙5号院，干部家属院，低价三居,必看好房,万寿路乙5号院 ,万寿路,1100,"102,108元/平",3室1厅 , 107.73平米 , 东 西 , 简装 , 中楼层(共12层) , 1998年建 , 板楼,15人关注 , 14天以前发布,,VR看装修,房本满五年,随时看房
风雅园一区中间楼层两居室，商五一报价，随时可以看,必看好房,风雅园一区 ,回龙观,508,"53,963元/平",2室1厅 , 94.14平米 , 南 北 , 简装 , 低楼层(共6层) , 2000年建 , 板楼,3人关注 , 10天以前发布,近地铁,VR房源,房本满五年,随时看房
高教新城天朗园 9层高的电梯洋房,必看好房,北街家园一区 ,沙河,648,"47,651元/平",3室2厅 , 135.99平米 , 南 北 , 精装 , 中楼层(共9层) , 2009年建 , 板楼,2人关注 , 11天以前发布,,VR看装修,房本满五年,随时看房
清河 君安家园东区 正规三居室 中间楼层 业主诚售,必看好房,君安家园东区 ,清河,890,"61,909元/平",3室1厅 , 143.76平米 , 西 南 北 , 简装 , 中楼层(共19层) , 2005年建 , 塔楼,16人关注 , 10天以前发布,,VR看装修,房本满五年,随时看房
丽水嘉园 2室2厅 东北,必看好房,丽水嘉园 ,朝阳公园,815,"92,478元/平",2室2厅 , 88.13平米 , 东北 , 简装 , 中楼层(共23层) , 2009年建 , 塔楼,7人关注 , 10天以前发布,近地铁,VR房源,房本满两年,随时看房
密西花园小区安静舒适，生活便利,必看好房,密西花园一期 ,果园街道,190,"15,703元/平",3室2厅 , 121平米 , 南 北 , 简装 , 6层 , 2005年建 , 板楼,7人关注 , 12天以前发布,,VR看装修,房本满五年,随时看房
南北通透三居室 中楼层 户型方正,必看好房,海子角西里 ,观音寺,372,"29,931元/平",3室2厅 , 124.29平米 , 南 北 , 精装 , 中楼层(共6层) , 2000年建 , 板楼,0人关注 , 7天以前发布,,VR看装修,房本满五年,随时看房
北礼士路全明三居室，1990年有电梯 随时看房签约,必看好房,北礼士路 ,阜成门,1010,"129,988元/平",3室1厅 , 77.7平米 , 东 西 , 精装 , 中楼层(共16层) , 1990年建 , 板楼,9人关注 , 14天以前发布,近地铁,VR看装修,房本满两年,随时看房
鸿坤理想城大满贯 人车分流 封闭式管理 正规一居室,必看好房,鸿坤理想城大满贯 ,西红门,308,"48,307元/平",1室1厅 , 63.76平米 , 西北 , 精装 , 高楼层(共18层) , 2011年建 , 塔楼,49人关注 , 1个月以前发布,,VR房源,房本满五年,
望京新城无遮挡2居，30万装修可贷款，看房随时,必看好房,望京新城 ,望京,720,"78,458元/平",2室1厅 , 91.77平米 , 西南 , 精装 , 中楼层(共30层) , 1997年建 , 塔楼,10人关注 , 12天以前发布,近地铁,VR看装修,房本满两年,随时看房
慧谷金色家园，南北双通透，前后看花园,必看好房,慧谷金色家园 ,望京,899,"90,818元/平",2室2厅 , 98.99平米 , 南 北 , 精装 , 顶层(共15层) , 2004年建 , 板楼,21人关注 , 13天以前发布,,VR房源,房本满五年,随时看房
铁道部央产房，户型好，管理好，视野好，交易费用低,必看好房,月坛北街甲1号院 ,月坛,1830,"145,701元/平",4室1厅 , 125.6平米 , 东 南 西 北 , 简装 , 高楼层(共21层) , 1989年建 , 塔楼,19人关注 , 7天以前发布,近地铁,VR看装修,房本满五年,
西南二环内 牛街商圈 国资委宿舍 电梯直达 诚心出售,必看好房,南线阁37号院 ,牛街,1400,"108,721元/平",3室1厅 , 128.77平米 , 西南 , 精装 , 低楼层(共24层) , 1999年建 , 板塔结合,6人关注 , 9天以前发布,近地铁,VR房源,房本满两年,
上跃户型，复式结构四居室，满五年唯一,必看好房,美然动力A2区 ,定福庄,658,"46,410元/平",4室1厅 , 141.78平米 , 南 北 , 简装 , 高楼层(共10层) , 2003年建 , 板楼,12人关注 , 8天以前发布,近地铁,VR房源,房本满五年,
近地铁  三面宽朝南  满五年  诚心卖,必看好房,银地家园 ,花乡,574,"49,002元/平",3室1厅 , 117.14平米 , 东南 , 简装 , 低楼层(共12层) , 2004年建 , 板楼,3人关注 , 6天以前发布,,VR看装修,房本满五年,
银地家园南北三居双卫格局不临街满五年 一梯两户,必看好房,银地家园 ,花乡,620,"52,010元/平",3室1厅 , 119.21平米 , 南 北 , 简装 , 中楼层(共14层) , 2005年建 , 板楼,5人关注 , 7天以前发布,,VR看装修,房本满五年,
怡然家园6号院 南北通透 三居室,必看好房,怡然家园6号院 ,角门,750,"59,709元/平",3室1厅 , 125.61平米 , 南 北 , 简装 , 11层 , 2005年建 , 板楼,11人关注 , 5天以前发布,,VR看装修,房本满五年,
福怡苑南北通透三居上下两层满五年唯一商品房,必看好房,福怡苑 ,定福庄,435,"44,999元/平",3室2厅 , 96.67平米 , 南 北 , 精装 , 高楼层(共7层) , 1998年建 , 板楼,14人关注 , 6天以前发布,近地铁,VR房源,房本满五年,
金地家园 3室2厅 南 北,必看好房,金地家园 ,东关,589,"40,088元/平",3室2厅 , 146.93平米 , 南 北 , 精装 , 低楼层(共9层) , 2008年建 , 板楼,0人关注 , 3天以前发布,近地铁,VR看装修,房本满五年,
凯旋城 豪+华装修大两居 满五唯一 人车分流东南,必看好房,凯旋城 ,亚运村小营,1168,"107,432元/平",2室1厅 , 108.72平米 , 东南 , 精装 , 低楼层(共23层) , 2004年建 , 板塔结合,1人关注 , 6天以前发布,近地铁,VR房源,房本满五年,
商品房满五年，一层带院，业主自住，环境好,必看好房,龙泽苑西区 ,回龙观,819,"58,259元/平",4室1厅 , 140.58平米 , 南 北 , 精装 , 底层(共7层) , 2001年建 , 板楼,13人关注 , 8天以前发布,近地铁,VR房源,房本满五年,
松榆里，南北通透两居，南北有阳台,必看好房,松榆里 ,潘家园,370,"67,630元/平",2室1厅 , 54.71平米 , 南 北 , 简装 , 底层(共6层) , 1991年建 , 板楼,6人关注 , 7天以前发布,近地铁,VR看装修,房本满五年,
银海星月正规三居室 南北通透格局好,必看好房,银海星月 ,卢沟桥,659,"49,438元/平",3室1厅 , 133.3平米 , 南 北 , 精装 , 中楼层(共6层) , 2006年建 , 板楼,4人关注 , 6天以前发布,,VR房源,房本满两年,
云趣园三区+采光大三居+商五唯一+门口在建地铁13号线,必看好房,云趣园三区 ,回龙观,530,"45,940元/平",3室1厅 , 115.37平米 , 南 北 , 简装 , 顶层(共6层) , 2000年建 , 板楼,3人关注 , 7天以前发布,,VR看装修,房本满五年,
观澜国际双卧室朝南三居，独立餐厅，带保姆间,必看好房,观澜国际 ,四季青,1850,"115,930元/平",3室2厅 , 159.58平米 , 南 北 , 简装 , 17层 , 2003年建 , 板楼,3人关注 , 2天以前发布,,VR房源,房本满五年,
丹青府东南北采光，全明格局，满五唯一，2019年精装修,必看好房,丹青府 ,田村,1295,"86,276元/平",3室2厅 , 150.1平米 , 东 南 西 北 , 其他 , 高楼层(共12层) , 2009年建 , 板楼,6人关注 , 6天以前发布,近地铁,VR房源,房本满五年,
金隅翡丽铂爵郡 3室2厅 南 北,必看好房,金隅翡丽铂爵郡 ,西三旗,820,"150,764元/平",3室2厅 , 54.39平米 , 南 北 , 精装 , 中楼层(共6层) , 2014年建 , 板楼,3人关注 , 7天以前发布,,VR房源,房本满五年,
丰管路甲52号院 板楼南北通透四居室  近地铁公园,必看好房,丰管路甲52号院 ,丽泽,990,"65,611元/平",4室2厅 , 150.89平米 , 南 北 , 简装 , 低楼层(共16层) , 2013年建 , 板楼,9人关注 , 3天以前发布,近地铁,VR看装修,房本满两年,
阜成门大三居，有电梯，随时签约,必看好房,北营房东里 ,阜成门,1250,"147,059元/平",3室1厅 , 85平米 , 东南 南 北 , 简装 , 中楼层(共20层) , 1992年建 , 塔楼,11人关注 , 6天以前发布,近地铁,VR房源,房本满五年,
万科城市花园，复式带院子， 精装修，楼栋位置好。,必看好房,万科城市花园 ,后沙峪,730,"42,302元/平",3室2厅 , 172.57平米 , 南 北 , 精装 , 4层 , 1998年建 , 板楼,5人关注 , 3天以前发布,,VR房源,房本满五年,
楼层好 视野宽阔 交通便利 配套齐全 无土地出让金,必看好房,富贵园二区 ,东花市,740,"96,783元/平",2室1厅 , 76.46平米 , 东 南 , 简装 , 高楼层(共18层) , 2003年建 , 塔楼,6人关注 , 2天以前发布,近地铁,VR看装修,房本满两年,
丽园B区，满五年唯一，正规三居室，双卫带电梯,必看好房,丽园B区 ,枣园,620,"49,688元/平",3室1厅 , 124.78平米 , 南 , 精装 , 低楼层(共11层) , 2005年建 , 板楼,8人关注 , 5天以前发布,近地铁,VR房源,房本满五年,
美丽经典园 2008年花园洋房  复式结构  前后不临街,必看好房,美丽经典园 ,四季青,1920,"178,389元/平",3室3厅 , 107.63平米 , 南 北 , 精装 , 高楼层(共7层) , 2007年建 , 板楼,6人关注 , 7天以前发布,,VR房源,房本满五年,
别墅区的洋房一层明厨明卫精装南北通透三居,必看好房,王府公寓三区 ,北七家,558,"33,128元/平",3室2厅 , 168.44平米 , 南 北 , 精装 , 5层 , 1995年建 , 板楼,5人关注 , 3天以前发布,,VR看装修,房本满两年,
慧时欣园二期 西南向 精装修 小区门口地铁,必看好房,慧时欣园二期 ,木樨园,628,"61,365元/平",2室2厅 , 102.34平米 , 西南 , 精装 , 24层 , 2004年建 , 塔楼,4人关注 , 14天以前发布,近地铁,VR看装修,房本满五年,
东南二环左安门外方庄东芳城东里,必看好房,芳城东里 ,方庄,593,"59,283元/平",3室1厅 , 100.03平米 , 南 北 , 精装 , 中楼层(共7层) , 1995年建 , 板楼,9人关注 , 12天以前发布,近地铁,VR房源,房本满五年,
百旺茉莉园 洋房三居 万科物业 品质小区 周围配套齐全,必看好房,百旺茉莉园 ,西北旺,1360,"95,775元/平",3室2厅 , 142平米 , 南 北 , 简装 , 中楼层(共5层) , 2006年建 , 板楼,6人关注 , 8天以前发布,近地铁,VR房源,房本满五年,随时看房
西大望路甲27号院+满五年唯一+中间楼层+看房随时,必看好房,西大望路甲27号院 ,北工大,379,"62,884元/平",3室1厅 , 60.27平米 , 东北 , 简装 , 中楼层(共6层) , 1988年建 , 板楼,6人关注 , 6天以前发布,,VR看装修,房本满五年,随时看房
兴隆都市馨园 南向一居 诚心出售 满五唯一,必看好房,兴隆都市馨园 ,崇文门,596,"112,369元/平",1室1厅 , 53.04平米 , 南 , 简装 , 中楼层(共6层) , 2003年建 , 板塔结合,4人关注 , 7天以前发布,近地铁,VR看装修,房本满五年,随时看房
门头馨村北二区两居 低楼层 满两年 南北朝向随时可看,必看好房,门头馨村北二区 ,西山,535,"58,008元/平",2室1厅 , 92.23平米 , 南 北 , 简装 , 底层(共4层) , 2009年建 , 板楼,2人关注 , 7天以前发布,,VR看装修,房本满两年,随时看房
京棉新城A1区 2室1厅 西北,必看好房,京棉新城A1区 ,四惠,520,"57,682元/平",2室1厅 , 90.15平米 , 西北 , 简装 , 中楼层(共14层) , 2012年建 , 板塔结合,4人关注 , 7天以前发布,,VR看装修,房本满两年,随时看房
安化南里 满五年 家庭只有一套住宅,必看好房,安化南里 ,广渠门,730,"104,242元/平",2室1厅 , 70.03平米 , 东 , 精装 , 低楼层(共16层) , 2008年建 , 塔楼,7人关注 , 5天以前发布,,VR房源,房本满两年,随时看房
新龙城小区中间位置，满五年唯一，无遮挡，采光充足,必看好房,新龙城 ,回龙观,580,"57,683元/平",2室1厅 , 100.55平米 , 南 北 , 简装 , 低楼层(共20层) , 2007年建 , 板楼,9人关注 , 7天以前发布,近地铁,VR看装修,房本满五年,随时看房
志新村小区  中间层两居室 满五年唯一商品房 诚心出售,必看好房,志新村 ,二里庄,708,"109,768元/平",2室1厅 , 64.5平米 , 南 西 北 , 简装 , 6层 , 1992年建 , 板楼,3人关注 , 8天以前发布,,VR看装修,房本满五年,随时看房
楼层好，采光好，交通便利，购物方便，配套齐全,必看好房,东木樨园 ,木樨园,319,"50,079元/平",2室1厅 , 63.7平米 , 东北 , 精装 , 中楼层(共9层) , 1995年建 , 板塔结合,15人关注 , 6天以前发布,近地铁,VR房源,房本满两年,随时看房
龙回苑小区，中间楼层，采光好，视野开阔。,必看好房,龙回苑 ,回龙观,555,"47,640元/平",3室1厅 , 116.5平米 , 南 北 , 简装 , 中楼层(共6层) , 2004年建 , 板楼,1人关注 , 9天以前发布,近地铁,VR看装修,房本满五年,随时看房
太小新上！复兴路46号院电梯两居室中高层，满五唯一！,必看好房,复兴路46号院 ,玉泉路,800,"127,960元/平",2室1厅 , 62.52平米 , 南 北 , 精装 , 16层 , 1992年建 , 板塔结合,2人关注 , 6天以前发布,近地铁,VR看装修,房本满五年,随时看房
南北通透，明厨明卫，中间楼层，10年社区，有社区医院,必看好房,横一条甲18号院 ,宋家庄,542,"61,126元/平",2室2厅 , 88.67平米 , 南 北 , 其他 , 中楼层(共6层) , 2010年建 , 板楼,4人关注 , 8天以前发布,,VR看装修,房本满两年,随时看房
四环内，满五唯一，双南两居室。得.房.率高，无浪费,必看好房,延静东里 ,甜水园,330,"61,350元/平",2室1厅 , 53.79平米 , 南 , 简装 , 中楼层(共6层) , 1984年建 , 板楼,16人关注 , 6天以前发布,近地铁,VR看装修,房本满五年,随时看房
北四环内 2000年社区 满五年唯一 随时可看,必看好房,惠中园 ,惠新西街,829,"87,549元/平",2室1厅 , 94.69平米 , 东南 , 简装 , 中楼层(共24层) , 1999年建 , 塔楼,2人关注 , 7天以前发布,近地铁,VR看装修,房本满五年,随时看房
浪漫首城 观西山、国贸 精装两居,必看好房,首城国际B区 ,双井,990,"110,702元/平",2室1厅 , 89.43平米 , 南 西 北 , 精装 , 高楼层(共28层) , 2012年建 , 板楼,6人关注 , 8天以前发布,近地铁,VR房源,房本满五年,随时看房
南三环边，精装一居，满五年，精装修,必看好房,嘉园一里 ,马家堡,325,"68,769元/平",1室1厅 , 47.26平米 , 东 , 精装 , 低楼层(共20层) , 1998年建 , 塔楼,3人关注 , 7天以前发布,近地铁,VR看装修,房本满五年,随时看房
西城商品房2居室满五唯一随时看房,必看好房,远见名苑 ,广安门,836,"110,247元/平",2室1厅 , 75.83平米 , 西南 , 简装 , 中楼层(共26层) , 2004年建 , 塔楼,14人关注 , 6天以前发布,近地铁,VR看装修,房本满五年,随时看房
大方居东西向两居室，满五年唯一商品房，业主靠谱出售,必看好房,大方居 ,九棵树(家乐福),285,"31,657元/平",2室1厅 , 90.03平米 , 东 西 , 精装 , 中楼层(共22层) , 2010年建 , 板塔结合,9人关注 , 7天以前发布,,VR看装修,房本满五年,随时看房
东南两居室 高楼层 视野好 满五年唯一,必看好房,大方居 ,九棵树(家乐福),318,"36,406元/平",2室1厅 , 87.35平米 , 东南 , 精装 , 高楼层(共22层) , 2008年建 , 板塔结合,2人关注 , 7天以前发布,,VR看装修,房本满五年,随时看房
美术馆后街 安交全南向大三居 平层电梯 产权清晰,必看好房,美术馆后街 ,东四,1200,"135,824元/平",3室1厅 , 88.35平米 , 南 , 精装 , 中楼层(共13层) , 1988年建 , 塔楼,7人关注 , 7天以前发布,近地铁,VR看装修,房本满两年,随时看房
远洋山水北区 近地铁视野好两居 满五年唯一,必看好房,远洋山水 ,鲁谷,645,"71,200元/平",2室1厅 , 90.59平米 , 西南 , 精装 , 25层 , 2005年建 , 板塔结合,9人关注 , 4天以前发布,近地铁,VR看装修,房本满五年,随时看房
北方工业大学 一层 小区环境优美 5个食堂,必看好房,北方工业大学宿舍 ,杨庄,318,"66,195元/平",2室1厅 , 48.04平米 , 南 北 , 简装 , 底层(共5层) , 1981年建 , 板楼,6人关注 , 8天以前发布,近地铁,VR房源,房本满五年,随时看房
运河园南北通透两居户型好低楼层落地窗大阳台临近运河,必看好房,运河园 ,武夷花园,498,"58,616元/平",2室1厅 , 84.96平米 , 南 北 , 精装 , 底层(共6层) , 2001年建 , 板楼,4人关注 , 4天以前发布,,VR房源,房本满五年,随时看房
运河河畔博客园电梯两居室居住舒适,必看好房,博客园 ,乔庄,385,"40,493元/平",2室1厅 , 95.08平米 , 西南 , 简装 , 中楼层(共18层) , 2006年建 , 板塔结合,8人关注 , 5天以前发布,,VR房源,房本满五年,随时看房
满五年且唯一 中间楼层 南北通透 楼龄新,必看好房,友谊社区 ,苏州桥,898,"110,537元/平",2室1厅 , 81.24平米 , 南 北 , 精装 , 低楼层(共6层) , 1995年建 , 板楼,5人关注 , 6天以前发布,近地铁,VR看装修,房本满五年,随时看房
北三环 皂君东里 学院南路 中间层两居,必看好房,皂君东里 ,皂君庙,535,"105,732元/平",2室1厅 , 50.6平米 , 南 , 精装 , 中楼层(共5层) , 1983年建 , 板楼,9人关注 , 6天以前发布,,VR看装修,房本满五年,随时看房
汤泉墅温泉入户 南北通透 精装修3居室 人车分流,必看好房,汤泉墅 ,丰台其它,355,"37,936元/平",3室1厅 , 93.58平米 , 南 北 , 精装 , 低楼层(共6层) , 2013年建 , 板楼,1人关注 , 8天以前发布,,VR看装修,房本满五年,随时看房
车公庄 南北通透 明厨明卫 采光充足 央产房 满五年,必看好房,车公庄西路27号院 ,紫竹桥,626,"104,893元/平",2室1厅 , 59.68平米 , 南 北 , 简装 , 中楼层(共6层) , 1980年建 , 板楼,5人关注 , 5天以前发布,近地铁,VR看装修,房本满五年,随时看房
公园就在家门口 南北通透 两居室 随时可看,必看好房,首开康乃馨城 ,枣园,310,"34,126元/平",2室1厅 , 90.84平米 , 南 北 , 精装 , 高楼层(共9层) , 2012年建 , 板塔结合,5人关注 , 7天以前发布,,VR看装修,房本满五年,随时看房
满五年唯一 东南两居 双卧朝南 带阳台 看房方便,必看好房,珠江罗马嘉园东区 ,朝青,729,"88,536元/平",2室2厅 , 82.34平米 , 东南 , 精装 , 顶层(共11层) , 2008年建 , 板楼,6人关注 , 7天以前发布,近地铁,VR看装修,房本满五年,随时看房
鸿业兴园 商品房 南北通透 楼层好,必看好房,鸿业兴园一区 ,玉泉营,750,"71,915元/平",2室2厅 , 104.29平米 , 南 北 , 简装 , 中楼层(共13层) , 2006年建 , 板楼,0人关注 , 6天以前发布,,VR看装修,房本满五年,随时看房
劲松七区 二环边 满五唯一 商贷25年 南向二居 非顶层,必看好房,劲松七区 ,潘家园,305,"57,744元/平",2室1厅 , 52.82平米 , 南 , 简装 , 高楼层(共6层) , 1978年建 , 板楼,6人关注 , 5天以前发布,,VR看装修,房本满五年,随时看房
宣颐家园 南北电梯2居 一梯两户 满五年唯一,必看好房,宣颐家园 ,旧宫,535,"47,965元/平",2室2厅 , 111.54平米 , 南 北 , 简装 , 中楼层(共7层) , 2001年建 , 板楼,3人关注 , 5天以前发布,,VR看装修,房本满五年,随时看房
地震局宿舍 2室1厅 南 北,必看好房,地震局宿舍 ,玉泉路,310,"51,063元/平",2室1厅 , 60.71平米 , 南 北 , 简装 , 顶层(共6层) , 1995年建 , 板楼,5人关注 , 7天以前发布,,VR看装修,房本满五年,随时看房
建学胡同 南北三居 低楼层 采光无遮挡,必看好房,建学胡同 ,宣武门,739,"104,409元/平",3室1厅 , 70.78平米 , 南 北 , 简装 , 中楼层(共6层) , 1988年建 , 板楼,9人关注 , 8天以前发布,近地铁,VR看装修,房本满两年,随时看房
伟业嘉园西里 1室1厅 东南,必看好房,伟业嘉园西里 ,良乡,208,"32,521元/平",1室1厅 , 63.96平米 , 东南 , 精装 , 底层(共7层) , 2005年建 , 塔楼,3人关注 , 5天以前发布,,VR房源,房本满五年,随时看房
模式口西里 满五年 南北通透 格局合理 采光充足,必看好房,模式口西里 ,苹果园,225,"36,946元/平",2室1厅 , 60.9平米 , 南 北 , 简装 , 高楼层(共6层) , 1990年建 , 板楼,11人关注 , 4天以前发布,,VR房源,房本满五年,随时看房
富力惠兰美居 两居室 南向户型方正 业主诚心出售,必看好房,富力惠兰美居 ,潞苑,260,"37,918元/平",2室1厅 , 68.57平米 , 南 , 精装 , 高楼层(共28层) , 2016年建 , 板楼,5人关注 , 7天以前发布,,VR看装修,房本满五年,随时看房
通州北关金地格林格林+2014年新小区+电梯房两居室,必看好房,金地格林格林 ,北关,320,"43,150元/平",2室1厅 , 74.16平米 , 南 , 精装 , 高楼层(共18层) , 2013年建 , 板楼,2人关注 , 6天以前发布,,VR看装修,房本满五年,随时看房
东会新村 南北通透两居 看房方便 诚心出售,必看好房,东会新村 ,双桥,293,"42,969元/平",2室1厅 , 68.19平米 , 南 北 , 简装 , 底层(共6层) , 1997年建 , 板楼,2人关注 , 6天以前发布,近地铁,VR看装修,房本满五年,随时看房
满五年央产房，二楼南北通透精装修，水电社区有停车位,必看好房,六铺炕一区 ,六铺炕,980,"160,656元/平",3室1厅 , 61平米 , 南 北 , 精装 , 中楼层(共5层) , 1975年建 , 板楼,5人关注 , 8天以前发布,近地铁,VR看装修,房本满五年,随时看房
本房满五年唯一，采光好，三条地铁，交通方便,必看好房,鑫兆雅园南区 ,刘家窑,615,"66,372元/平",2室2厅 , 92.66平米 , 东南 西北 , 简装 , 低楼层(共21层) , 2003年建 , 塔楼,6人关注 , 7天以前发布,近地铁,VR看装修,房本满五年,随时看房
东直门外大街(东城） 2室1厅 南,必看好房,东直门外大街(东城） ,东直门,700,"119,292元/平",2室1厅 , 58.68平米 , 南 , 精装 , 低楼层(共14层) , 1990年建 , 板楼,8人关注 , 5天以前发布,近地铁,VR看装修,房本满五年,随时看房
牡丹园龙翔路东北向，精装修两居室。,必看好房,龙翔路小区 ,牡丹园,545,"99,744元/平",2室1厅 , 54.64平米 , 东北 , 精装 , 低楼层(共18层) , 1994年建 , 塔楼,6人关注 , 6天以前发布,近地铁,VR看装修,房本满五年,随时看房
双地铁社区 环球影城北侧 全南向 满五年唯一 随时看,必看好房,新城乐居 ,临河里,310,"39,386元/平",2室1厅 , 78.71平米 , 南 , 精装 , 28层 , 2012年建 , 板楼,7人关注 , 7天以前发布,近地铁,VR房源,房本满五年,随时看房
南海家园二里南北通透两居室诚意出售,必看好房,南海家园二里 ,亦庄开发区其它,480,"55,084元/平",2室2厅 , 87.14平米 , 南 北 , 简装 , 高楼层(共18层) , 2012年建 , 板楼,6人关注 , 5天以前发布,,VR看装修,房本满两年,随时看房
芳园里 中间楼层2居 诚心出售，小区中间位置,必看好房,芳园里 ,酒仙桥,309,"61,140元/平",2室1厅 , 50.54平米 , 西南 , 简装 , 中楼层(共6层) , 1984年建 , 板楼,15人关注 , 4天以前发布,近地铁,VR房源,房本满五年,随时看房
双井地铁站旁西南两居室，高楼层，视野好。,必看好房,广渠路 ,双井,460,"64,544元/平",2室1厅 , 71.27平米 , 西南 , 精装 , 高楼层(共18层) , 1990年建 , 塔楼,2人关注 , 3天以前发布,,VR房源,房本满五年,随时看房
西便门东里带电梯的两居，电梯直达，中楼层，视野好。,必看好房,西便门东里 ,木樨地,680,"123,749元/平",2室1厅 , 54.95平米 , 南 , 简装 , 中楼层(共14层) , 1980年建 , 板楼,7人关注 , 8天以前发布,近地铁,VR看装修,房本满五年,随时看房
通州 挂车厂宿舍 南北通透 低层两居 满五唯一 有钥匙,必看好房,挂车厂宿舍 ,果园,236,"34,473元/平",2室1厅 , 68.46平米 , 南 北 , 简装 , 底层(共6层) , 1981年建 , 板楼,8人关注 , 8天以前发布,,VR房源,房本满五年,随时看房
东城 安定门 朝南大一居 高层有电梯 有钥匙 看房随时,必看好房,青年湖东里 ,安定门,579,"124,196元/平",1室1厅 , 46.62平米 , 南 , 精装 , 中楼层(共18层) , 1988年建 , 塔楼,7人关注 , 6天以前发布,近地铁,VR看装修,房本满两年,随时看房
东三环双井九龙花园东南向两居室，无遮挡,必看好房,九龙花园 ,双井,535,"67,773元/平",2室1厅 , 78.94平米 , 东南 , 简装 , 低楼层(共20层) , 2001年建 , 塔楼,11人关注 , 7天以前发布,近地铁,VR房源,房本满五年,随时看房
*建邦枫景”小区位于双林东路105号院,必看好房,建邦枫景 ,青塔,390,"57,219元/平",2室2厅 , 68.16平米 , 东北 , 精装 , 中楼层(共22层) , 2011年建 , 板楼,12人关注 , 6天以前发布,近地铁,VR看装修,房本满五年,随时看房
延静里中间楼层满五年唯一 诚意出售，看房方便,必看好房,延静里 ,甜水园,309,"61,395元/平",2室0厅 , 50.33平米 , 南 , 简装 , 中楼层(共5层) , 1979年建 , 板楼,2人关注 , 5天以前发布,近地铁,VR房源,房本满五年,随时看房
满五唯一商品房，非顶层高楼层视野好，小区安静,必看好房,芳林苑 ,方庄,668,"60,035元/平",2室2厅 , 111.27平米 , 西南 , 精装 , 高楼层(共22层) , 2001年建 , 塔楼,4人关注 , 7天以前发布,近地铁,VR看装修,房本满五年,随时看房
和平街十一区 2室1厅 东南,必看好房,和平街十一区 ,和平里,680,"96,729元/平",2室1厅 , 70.3平米 , 东南 , 简装 , 21层 , 1990年建 , 塔楼,3人关注 , 3天以前发布,近地铁,VR看装修,房本满五年,随时看房
武圣西里 2室1厅 南 北,必看好房,武圣西里 ,劲松,365,"59,827元/平",2室1厅 , 61.01平米 , 南 北 , 简装 , 低楼层(共6层) , 1980年建 , 板楼,3人关注 , 6天以前发布,近地铁,VR看装修,房本满五年,随时看房
首开康乃馨城满五年正规一居改的二居，产权清晰,必看好房,首开康乃馨城 ,枣园,210,"33,687元/平",1室1厅 , 62.34平米 , 南 , 简装 , 低楼层(共16层) , 2012年建 , 板楼,0人关注 , 2天以前发布,,VR看装修,房本满五年,随时看房
永泰园新上南北通透明厅二居室，满五年唯一,必看好房,永泰园 ,清河,652,"76,142元/平",2室1厅 , 85.63平米 , 南 北 , 简装 , 高楼层(共6层) , 2002年建 , 板楼,0人关注 , 2天以前发布,近地铁,VR看装修,房本满五年,随时看房
润西山苑新上三居室低楼层 精装修花园,必看好房,润西山苑 ,冯村,475,"43,265元/平",3室1厅 , 109.79平米 , 东 西 , 精装 , 低楼层(共10层) , 2012年建 , 板塔结合,2人关注 , 5天以前发布,,VR看装修,房本满两年,随时看房
"甄选50万东易日盛全新精装两居,全明格局安静不临街",必看好房,东恒时代三期 ,四惠,680,"74,358元/平",2室1厅 , 91.45平米 , 东北 , 精装 , 27层 , 2006年建 , 塔楼,3人关注 , 2天以前发布,近地铁,VR看装修,房本满两年,随时看房
北京北 2室1厅 东南,必看好房,北京北 ,立水桥,560,"62,619元/平",2室1厅 , 89.43平米 , 东南 , 简装 , 高楼层(共20层) , 2008年建 , 板塔结合,3人关注 , 3天以前发布,近地铁,VR看装修,房本满五年,随时看房
北三环 胜古南里 精装南北通透 全明 两居室,必看好房,胜古南里 ,惠新西街,555,"76,892元/平",2室1厅 , 72.18平米 , 南 北 , 精装 , 中楼层(共4层) , 1960年建 , 板楼,5人关注 , 4天以前发布,近地铁,VR看装修,房本满两年,随时看房
此房满五唯一 三阳开泰 采光好 交通便利,必看好房,康泽佳苑南区 ,长阳,207,"39,279元/平",2室1厅 , 52.7平米 , 南 , 简装 , 18层 , 2014年建 , 板楼,3人关注 , 6天以前发布,近地铁,VR看装修,房本满五年,随时看房
店长推荐 松榆西里 满五年 精装修 安静不临街 管理好,必看好房,松榆西里 ,潘家园,438,"64,880元/平",2室1厅 , 67.51平米 , 北 南 , 精装 , 底层(共6层) , 1995年建 , 板楼,6人关注 , 6天以前发布,近地铁,VR房源,房本满五年,随时看房
东大桥路小区 满五唯一 南向两居 带电梯 精装修,必看好房,东大桥路 ,朝阳门外,530,"82,107元/平",2室1厅 , 64.55平米 , 西南 , 精装 , 低楼层(共14层) , 1985年建 , 塔楼,2人关注 , 2天以前发布,近地铁,VR房源,房本满五年,随时看房
白广路东里1号院，板楼带电梯，小区停车免费,必看好房,白广路东里1号院 ,白纸坊,820,"124,093元/平",2室1厅 , 66.08平米 , 南 北 , 简装 , 低楼层(共7层) , 1999年建 , 板楼,4人关注 , 5天以前发布,,VR房源,房本满五年,随时看房
南三环 成寿寺 中海城圣朝菲 花园洋房小区 视野采光好,必看好房,中海城圣朝菲 ,成寿寺,655,"65,442元/平",2室1厅 , 100.09平米 , 西 , 精装 , 高楼层(共18层) , 2008年建 , 板塔结合,1人关注 , 3天以前发布,近地铁,VR房源,房本满五年,随时看房
富力信然庭 2室2厅 南 北,必看好房,富力信然庭 ,陶然亭,1890,"175,586元/平",2室2厅 , 107.64平米 , 南 北 , 其他 , 中楼层(共7层) , 2006年建 , 板楼,9人关注 , 6天以前发布,,VR看装修,房本满五年,随时看房
珠江拉维小镇 满五唯一 中间层 边户明卫 精装修保持好,必看好房,珠江拉维小镇 ,潞苑,362,"36,622元/平",2室1厅 , 98.85平米 , 南 北 , 精装 , 中楼层(共9层) , 2012年建 , 板塔结合,5人关注 , 3天以前发布,,VR看装修,房本满五年,随时看房
清河永泰西里 满五年唯一 中间层 采光好,必看好房,永泰西里 ,清河,500,"87,200元/平",2室1厅 , 57.34平米 , 南 北 , 精装 , 中楼层(共6层) , 1999年建 , 板楼,9人关注 , 5天以前发布,,VR看装修,房本满五年,随时看房
三里河三区单位房，一层，东向，两居,必看好房,三里河三区 ,月坛,760,"116,744元/平",2室1厅 , 65.1平米 , 东 , 简装 , 底层(共4层)  , 板楼,,2人关注 , 5天以前发布,近地铁,VR看装修,房本满五年,随时看房
华业东方玫瑰A区 精装 南向两居室,必看好房,华业东方玫瑰A区 ,临河里,455,"50,332元/平",2室1厅 , 90.4平米 , 南 , 精装 , 高楼层(共23层) , 2010年建 , 板塔结合,2人关注 , 5天以前发布,近地铁,VR看装修,房本满五年,随时看房
芳园里 近地铁 1997年 两居室,必看好房,芳园里 ,酒仙桥,395,"64,723元/平",2室1厅 , 61.03平米 , 南 北 , 简装 , 低楼层(共6层) , 1997年建 , 板楼,7人关注 , 3天以前发布,近地铁,VR看装修,房本满五年,随时看房
京投发展公园悦府，16年商品房社区，满五年唯一，精装,必看好房,京投发展公园悦府 ,回龙观,628,"69,186元/平",2室1厅 , 90.77平米 , 南 北 , 精装 , 中楼层(共22层) , 2015年建 , 板楼,2人关注 , 7天以前发布,近地铁,VR看装修,房本满两年,随时看房
望京花园西区南北三居室，正对小区花园，采光好,必看好房,望京花园西区 ,望京,795,"81,489元/平",3室2厅 , 97.56平米 , 南 北 , 精装 , 高楼层(共10层) , 2000年建 , 板楼,7人关注 , 4天以前发布,近地铁,VR看装修,房本满五年,随时看房
北纬40度一期南北通透两居室 高楼层直观中国尊,必看好房,北纬40度一期 ,望京,890,"94,430元/平",2室2厅 , 94.25平米 , 南 北 , 精装 , 中楼层(共29层) , 2009年建 , 板塔结合,10人关注 , 6天以前发布,近地铁,VR看装修,房本满五年,随时看房
商满五年唯一，小区中间位置，不临街不把边，自住精装,必看好房,龙回苑 ,回龙观,539,"46,267元/平",3室1厅 , 116.5平米 , 南 北 , 精装 , 高楼层(共6层) , 2004年建 , 板楼,2人关注 , 5天以前发布,近地铁,VR房源,房本满五年,随时看房
首开畅心园 2室1厅 西 北,必看好房,首开畅心园 ,常营,310,"43,929元/平",2室1厅 , 70.57平米 , 西 北 , 简装 , 中楼层(共28层) , 2010年建 , 塔楼,8人关注 , 2天以前发布,近地铁,VR看装修,房本满五年,随时看房
珠江丽景家园 满5唯1 正规三居 户型好 楼层好 采光好,必看好房,珠江丽景家园 ,潞苑,366,"39,040元/平",3室2厅 , 93.75平米 , 西 , 精装 , 高楼层(共10层) , 2013年建 , 板塔结合,14人关注 , 19天以前发布,,VR房源,房本满五年,随时看房
倚林佳园 精装修 全明格局 采光好 视野好,必看好房,倚林佳园 ,奥林匹克公园,2160,"93,096元/平",5室2厅 , 232.02平米 , 南 北 , 精装 , 中楼层(共11层) , 2004年建 , 板楼,27人关注 , 19天以前发布,近地铁,VR看装修,房本满五年,随时看房
利泽西园 满五唯一 正对小区花园，业主诚意出售,必看好房,利泽西园 ,望京,730,"73,701元/平",2室2厅 , 99.05平米 , 东 , 简装 , 低楼层(共24层) , 2002年建 , 塔楼,38人关注 , 31天以前发布,近地铁,VR看装修,房本满五年,随时看房
近地铁 一梯两户 采光充足 南北通透,必看好房,天骄俊园 ,长阳,355,"29,777元/平",3室2厅 , 119.22平米 , 南 北 , 简装 , 底层(共6层) , 2009年建 , 板楼,6人关注 , 31天以前发布,近地铁,VR房源,房本满五年,随时看房
领秀慧谷C区 明厨明卫一梯一户 带挑空 有钥匙 视野好,必看好房,领秀慧谷C区 ,回龙观,1400,"69,753元/平",4室2厅 , 200.71平米 , 南 北 , 简装 , 顶层(共11层) , 2012年建 , 板楼,19人关注 , 30天以前发布,,VR看装修,房本满五年,随时看房
中仓小区 3室2厅 南 北,必看好房,中仓小区 ,万达,555,"48,236元/平",3室2厅 , 115.06平米 , 南 北 , 精装 , 6层 , 1997年建 , 板楼,15人关注 , 17天以前发布,,VR看装修,房本满五年,随时看房
中间楼层，南北通透，视野开阔，配套齐全,必看好房,瑞海家园一区 ,西红门,560,"45,389元/平",3室2厅 , 123.38平米 , 南 北 , 精装 , 中楼层(共6层) , 2004年建 , 板楼,5人关注 , 22天以前发布,近地铁,VR看装修,房本满五年,随时看房
龙湖好望山 精装修上叠别墅 人车分流,必看好房,龙湖好望山 ,顺义其它,710,"32,369元/平",4室2厅 , 219.35平米 , 南 北 , 精装 , 中楼层(共4层) , 2014年建 , 板楼,8人关注 , 18天以前发布,,VR房源,房本满五年,随时看房
此房南北朝向，低楼层，视野开阔，采光充足,必看好房,浅山香邑 ,顺义其它,320,"14,588元/平",6室3厅 , 219.37平米 , 南 北 , 其他 , 7层 , 2016年建 , 暂无数据,10人关注 , 24天以前发布,,VR房源,房本满两年,随时看房
国奥村精装南北通透小三居，满五年费用低,必看好房,国奥村 ,奥林匹克公园,2250,"179,857元/平",3室2厅 , 125.1平米 , 南 北 , 精装 , 顶层(共6层) , 2009年建 , 板楼,20人关注 , 22天以前发布,,VR房源,房本满五年,随时看房
满五唯一，诚心卖，南北通透，格局好,必看好房,万象新天天际高尔夫 ,常营,869,"53,415元/平",3室2厅 , 162.69平米 , 南 北 , 简装 , 低楼层(共17层) , 2009年建 , 板楼,32人关注 , 25天以前发布,近地铁,VR房源,房本满五年,随时看房
距离地铁700米，小区的中间位置，无遮挡,必看好房,富力盛悦居 ,旧宫,680,"76,268元/平",3室1厅 , 89.16平米 , 南 北 , 精装 , 中楼层(共18层) , 2013年建 , 板楼,44人关注 , 24天以前发布,近地铁,VR看装修,房本满五年,随时看房
蓝堡-百万精装-双厅双卫，对望中国尊-蓝天下的城堡,必看好房,蓝堡国际公寓 ,CBD,1660,"92,008元/平",3室2厅 , 180.42平米 , 东 西 , 精装 , 中楼层(共16层) , 2004年建 , 板塔结合,38人关注 , 27天以前发布,近地铁,VR房源,房本满两年,随时看房
电梯2居室 客厅带阳台 商品房满五唯一 业主诚售,必看好房,天通苑北二区 ,天通苑,489,"42,626元/平",2室2厅 , 114.72平米 , 南 北 , 精装 , 低楼层(共13层) , 2004年建 , 板楼,12人关注 , 22天以前发布,,VR看装修,房本满五年,随时看房
商品房满五年，家庭唯一住房，南北通透3居室,必看好房,天通苑五区 ,天通苑,650,"40,580元/平",3室1厅 , 160.18平米 , 南 北 , 精装 , 10层 , 2001年建 , 板楼,9人关注 , 31天以前发布,,VR看装修,房本满五年,随时看房
西屋国际 70年产权住宅 楼层高视野开阔采光无遮挡,必看好房,西屋国际 ,苏州桥,1590,"89,846元/平",3室2厅 , 176.97平米 , 东南 , 精装 , 高楼层(共23层) , 2004年建 , 板塔结合,7人关注 , 16天以前发布,,VR房源,房本满五年,随时看房
富力又一城A区 南北错层三居室 满五年唯一 无遮挡,必看好房,富力又一城A区 ,豆各庄,850,"52,799元/平",3室2厅 , 160.99平米 , 南 北 , 精装 , 中楼层(共10层) , 2004年建 , 板楼,16人关注 , 28天以前发布,,VR看装修,房本满五年,随时看房
低层板楼，满五年唯一住房，楼层好，不临街，无遮挡,必看好房,万象新天四区 ,常营,725,"59,218元/平",3室2厅 , 122.43平米 , 南 北 , 简装 , 中楼层(共5层) , 2005年建 , 板楼,53人关注 , 22天以前发布,近地铁,VR看装修,房本满五年,随时看房
九台2000家园 精装修3居室，可直接拎包入住。,必看好房,九台2000家园 ,亚运村,958,"73,926元/平",3室1厅 , 129.59平米 , 西南 , 精装 , 中楼层(共27层) , 2001年建 , 塔楼,20人关注 , 23天以前发布,近地铁,VR看装修,房本满五年,随时看房
满五年 南北通透 边户花园 楼间距宽 采光好 精装修,必看好房,美树假日嘉园 ,北七家,809,"42,310元/平",3室2厅 , 191.21平米 , 南 北 , 精装 , 底层(共4层) , 2004年建 , 暂无数据,60人关注 , 28天以前发布,,VR房源,房本满五年,随时看房
望京新城明厨明卫大3居格局方正看房随时,必看好房,望京新城 ,望京,963,"66,593元/平",3室2厅 , 144.61平米 , 南 北 , 精装 , 低楼层(共25层) , 1999年建 , 板塔结合,18人关注 , 17天以前发布,近地铁,VR看装修,房本满五年,随时看房
国风北京一期板楼三居室，高楼层边户明卫，前后不临街,必看好房,国风北京一期 ,望京,1480,"99,765元/平",3室2厅 , 148.35平米 , 南 北 , 精装 , 高楼层(共12层) , 2006年建 , 板楼,15人关注 , 24天以前发布,,VR看装修,房本满两年,随时看房
远见名苑商品房三居室，下楼就是花园，近地铁,必看好房,远见名苑 ,广安门,1340,"123,412元/平",3室1厅 , 108.58平米 , 西北 , 精装 , 中楼层(共25层) , 2006年建 , 塔楼,22人关注 , 17天以前发布,近地铁,VR看装修,房本满五年,随时看房
西环内 永安东里 方正三居室 不临街 无遮挡 诚意出售,必看好房,永安东里 ,定慧寺,890,"91,564元/平",3室2厅 , 97.2平米 , 东 西 北 , 简装 , 中楼层(共5层) , 1998年建 , 板楼,33人关注 , 27天以前发布,,VR房源,房本满五年,随时看房
珠江绿洲 普宅三居 精装修 满五年唯一,必看好房,珠江绿洲 ,双桥,635,"45,687元/平",3室1厅 , 138.99平米 , 东南 西北 , 精装 , 低楼层(共31层) , 2003年建 , 塔楼,67人关注 , 22天以前发布,近地铁,VR房源,房本满五年,随时看房
星瑞家园  电梯三居室 电梯房 电梯房 看房随时 有钥匙,必看好房,星瑞家园 ,黄村中,520,"44,494元/平",3室1厅 , 116.87平米 , 南 北 , 简装 , 低楼层(共9层) , 2001年建 , 板楼,0人关注 , 16天以前发布,,VR房源,房本满五年,随时看房
商品房 满五年唯一，南北通透，采光充足,必看好房,天通苑中苑 ,天通苑,612,"46,983元/平",3室1厅 , 130.26平米 , 南 北 , 简装 , 低楼层(共12层) , 2008年建 , 板楼,18人关注 , 17天以前发布,,VR看装修,房本满五年,随时看房
亿城天筑 带电梯南北向 飘窗 三居室,必看好房,亿城天筑 ,科技园区,870,"67,296元/平",3室2厅 , 129.28平米 , 南 北 , 精装 , 低楼层(共9层) , 2007年建 , 板楼,14人关注 , 18天以前发布,,VR看装修,房本满五年,随时看房
中海金石公馆 精装三居室 全明格局 中间位置,必看好房,中海金石公馆 ,古城,970,"71,773元/平",3室2厅 , 135.15平米 , 南 北 , 精装 , 顶层(共18层) , 2014年建 , 板楼,20人关注 , 19天以前发布,,VR看装修,房本满五年,随时看房
高家园三区精装一居 电梯房高层 近地铁 有钥匙 朝南向,必看好房,高家园三区 ,酒仙桥,305,"66,118元/平",1室1厅 , 46.13平米 , 南 , 精装 , 高楼层(共16层) , 1985年建 , 塔楼,6人关注 , 15天以前发布,近地铁,VR房源,房本满五年,随时看房
西向高楼层满五唯一急售房源随时约谈,必看好房,华发颐园 ,北苑,289,"48,547元/平",1室0厅 , 59.53平米 , 西 , 精装 , 中楼层(共19层) , 2007年建 , 板楼,5人关注 , 3天以前发布,近地铁,VR房源,房本满五年,随时看房
南北通透两居 前后不临街 视野好无遮挡,必看好房,瑞祥里 ,管庄,388,"44,177元/平",2室1厅 , 87.83平米 , 南 北 , 简装 , 高楼层(共6层) , 2008年建 , 板楼,18人关注 , 14天以前发布,,VR房源,房本满五年,随时看房
皂君东里  皂君庙 中间层 正规三居户型方正双卧朝南户,必看好房,皂君东里 ,皂君庙,820,"107,895元/平",3室1厅 , 76平米 , 东南 , 简装 , 中楼层(共6层) , 1983年建 , 板楼,10人关注 , 10天以前发布,,VR看装修,房本满五年,随时看房
满五唯一，小区东边，高楼层，采光好视野好,必看好房,首开康乃馨城 ,枣园,350,"39,366元/平",3室1厅 , 88.91平米 , 东南 , 精装 , 高楼层(共16层) , 2012年建 , 板楼,1人关注 , 3天以前发布,,VR看装修,房本满五年,
满五年唯一，南北通透，4室3厅3卫，户型方正，,必看好房,国英园 ,官园,2080,"124,402元/平",4室2厅 , 167.2平米 , 南 北 , 精装 , 顶层(共6层) , 1998年建 , 板楼,40人关注 , 24天以前发布,近地铁,VR房源,房本满五年,
首开璞v  四居室眼镜户型  人车分流 高档社区,必看好房,首开璞v ,方庄,1420,"99,720元/平",4室2厅 , 142.4平米 , 南 北 , 精装 , 中楼层(共19层) , 2011年建 , 板塔结合,28人关注 , 26天以前发布,近地铁,VR看装修,房本满五年,
天际高尔夫 方正三居 精装修 业主急售 报价可聊,必看好房,万象新天天际高尔夫 ,常营,899,"62,601元/平",3室1厅 , 143.61平米 , 南 北 , 精装 , 底层(共6层) , 2009年建 , 板楼,19人关注 , 15天以前发布,近地铁,VR房源,房本满五年,
龙禧苑二区  不临街  南北通透,必看好房,龙禧苑二区 ,回龙观,655,"45,911元/平",3室2厅 , 142.67平米 , 南 北 , 精装 , 中楼层(共5层) , 2003年建 , 板楼,4人关注 , 12天以前发布,,VR看装修,房本满五年,
盛世嘉园高层东南向大两居精装修,必看好房,盛世嘉园 ,CBD,890,"69,733元/平",2室1厅 , 127.63平米 , 东南 , 精装 , 高楼层(共18层) , 2000年建 , 塔楼,6人关注 , 14天以前发布,近地铁,VR看装修,房本满五年,
2002年的纯商品房，独门独院物业负责管理好,必看好房,农光里 ,劲松,660,"64,016元/平",2室1厅 , 103.1平米 , 南 西 , 简装 , 中楼层(共22层) , 2002年建 , 塔楼,4人关注 , 12天以前发布,近地铁,VR房源,房本满五年,
在水一方 电梯房 三居室 南北通透 满五唯一,必看好房,在水一方 ,万达,540,"43,056元/平",3室2厅 , 125.42平米 , 南 北 , 简装 , 高楼层(共12层) , 2004年建 , 板楼,6人关注 , 11天以前发布,,VR房源,房本满五年,
阳光丽景 满五唯一商品房，南北通透，看房方便,必看好房,阳光丽景 ,马甸,2546,"179,955元/平",3室2厅 , 141.48平米 , 南 北 , 精装 , 12层 , 2003年建 , 板塔结合,16人关注 , 10天以前发布,近地铁,VR看装修,房本满五年,
白纸坊  中加 南北通透 高楼层 采光视野无遮挡 有车位,必看好房,中加大厦 ,白纸坊,1588,"83,129元/平",4室2厅 , 191.03平米 , 东 南 北 , 精装 , 高楼层(共24层) , 1999年建 , 塔楼,36人关注 , 14天以前发布,,VR看装修,房本满五年,
合生滨江帝景二期 全明南北三居 次新房不怎么住,必看好房,合生滨江帝景二期 ,玉桥,750,"54,301元/平",3室2厅 , 138.12平米 , 南 北 , 精装 , 高楼层(共18层) , 2016年建 , 板楼,7人关注 , 12天以前发布,,VR看装修,房本满两年,
满五唯一 两个明卫 不临街 采光好 交通便捷,必看好房,富力又一城A区 ,豆各庄,860,"50,217元/平",3室2厅 , 171.26平米 , 南 北 , 精装 , 中楼层(共22层) , 2007年建 , 板楼,8人关注 , 11天以前发布,,VR看装修,房本满五年,
魏公村 韦伯豪家园 南北向三居室 业主诚心出售,必看好房,韦伯豪家园 ,魏公村,1780,"126,322元/平",3室1厅 , 140.91平米 , 南 北 , 精装 , 中楼层(共16层) , 2001年建 , 板塔结合,11人关注 , 10天以前发布,近地铁,VR房源,房本满五年,
左安漪园满五年唯一双阳台三居两卫,必看好房,左安漪园 ,左安门,1200,"96,837元/平",3室1厅 , 123.92平米 , 东北 , 简装 , 低楼层(共15层) , 2004年建 , 板塔结合,17人关注 , 12天以前发布,近地铁,VR看装修,房本满五年,
馨港庄园二区 精装修 一层花园 南北通透 分区清晰,必看好房,馨港庄园二区 ,李桥,428,"27,949元/平",3室2厅 , 153.14平米 , 南 北 , 精装 , 底层(共6层) , 2005年建 , 板楼,2人关注 , 12天以前发布,,VR看装修,房本满两年,
翡翠城二期 边户别墅 满五年唯一 诚心卖随时签约,必看好房,翡翠城二期 ,高米店,1200,"66,991元/平",3室3厅 , 179.13平米 , 南 北 , 简装 , 3层 , 2003年建 , 板楼,10人关注 , 12天以前发布,,VR房源,房本满五年,
二环边  丽泽商务区  精装三居  高楼层无遮挡视野好,必看好房,金泰城丽湾 ,菜户营,1400,"100,072元/平",3室2厅 , 139.9平米 , 南 北 , 精装 , 高楼层(共21层) , 2009年建 , 板楼,11人关注 , 9天以前发布,近地铁,VR房源,房本满两年,
珠江帝景   高层  景观     精装,必看好房,珠江帝景 ,大望路,1350,"115,553元/平",2室1厅 , 116.83平米 , 南 , 精装 , 26层 , 2006年建 , 塔楼,11人关注 , 9天以前发布,近地铁,VR看装修,房本满五年,
天缘公寓 东南三居室两卫 全明格局 电梯直达,必看好房,天缘公寓 ,白纸坊,1480,"81,719元/平",3室2厅 , 181.11平米 , 东南 , 精装 , 中楼层(共28层) , 2000年建 , 塔楼,17人关注 , 10天以前发布,,VR看装修,房本满五年,
东晶国际复式两居，精装自住满五唯一靠谱出售看房方便,必看好房,东晶国际 ,亦庄,570,"49,548元/平",2室2厅 , 115.04平米 , 东 , 精装 , 17层 , 2002年建 , 板塔结合,6人关注 , 11天以前发布,,VR房源,房本满五年,
柏儒苑 高楼层 南北向3居室  满5年唯一住宅 诚意出售,必看好房,柏儒苑 ,学院路,1280,"95,069元/平",3室2厅 , 134.64平米 , 南 北 西 , 精装 , 中楼层(共15层) , 2001年建 , 板楼,11人关注 , 14天以前发布,近地铁,VR看装修,房本满五年,
德茂小区  南北通透  双卧南向  三居,必看好房,德茂小区 ,瀛海,308,"40,199元/平",3室1厅 , 76.62平米 , 南 北 , 简装 , 中楼层(共6层) , 1995年建 , 板楼,12人关注 , 13天以前发布,近地铁,VR看装修,房本满五年,
水口子村51号院 精装修3居室 带电梯,必看好房,水口子村51号院 ,广安门,780,"75,677元/平",3室1厅 , 103.07平米 , 南 北 , 精装 , 底层(共5层) , 1995年建 , 板塔结合,12人关注 , 14天以前发布,近地铁,VR看装修,房本满五年,
松榆西里 满五唯一 采光好，北一社区 楼道贴瓷砖，,必看好房,松榆西里 ,潘家园,423,"65,950元/平",2室1厅 , 64.14平米 , 东 南 , 精装 , 高楼层(共18层) , 1990年建 , 塔楼,18人关注 , 12天以前发布,近地铁,VR看装修,房本满五年,
映天朗5号公馆  商品房   1梯2户  人车分流,必看好房,映天朗 ,宋家庄,970,"69,941元/平",3室1厅 , 138.69平米 , 南 北 , 精装 , 高楼层(共6层) , 2007年建 , 板楼,5人关注 , 9天以前发布,近地铁,VR看装修,房本满五年,
南北通透四居室 户型方正 三卧南向 满五唯一商品房,必看好房,恋日嘉园二期 ,草桥,1450,"78,434元/平",4室2厅 , 184.87平米 , 南 北 , 精装 , 高楼层(共18层) , 2003年建 , 板楼,29人关注 , 14天以前发布,近地铁,VR看装修,房本满五年,
大成郡 3室2厅 南 北,必看好房,大成郡 ,岳各庄,1420,"92,358元/平",3室2厅 , 153.75平米 , 南 北 , 精装 , 底层(共7层) , 2010年建 , 板楼,14人关注 , 9天以前发布,,VR房源,房本满五年,
美景东方 全明户型三室两卫 正观小区花园,必看好房,美景东方 ,华威桥,889,"74,838元/平",3室2厅 , 118.79平米 , 西北 , 精装 , 25层 , 2010年建 , 塔楼,13人关注 , 14天以前发布,,VR看装修,房本满五年,
洋房社区 全明格局 南北通透  临地铁,必看好房,雍景天成 ,苹果园,855,"62,808元/平",2室2厅 , 136.13平米 , 南 北 , 精装 , 低楼层(共6层) , 2004年建 , 板楼,2人关注 , 8天以前发布,近地铁,VR房源,房本满五年,
西翠芳庭满五唯一商品房精装修南北三居,必看好房,西翠芳庭 ,青塔,625,"51,898元/平",3室1厅 , 120.43平米 , 东 南 北 , 精装 , 中楼层(共22层) , 2002年建 , 塔楼,7人关注 , 7天以前发布,,VR看装修,房本满五年,
纯板楼，南北通透 视野采光好，精装修,必看好房,世华水岸C区 ,赵公口,1150,"73,072元/平",3室2厅 , 157.38平米 , 南 北 , 精装 , 高楼层(共15层) , 2009年建 , 板楼,1人关注 , 7天以前发布,近地铁,VR看装修,房本满五年,
满五年唯一，高楼层，视野好，采光好，明厨明卫格局,必看好房,光熙家园二期 ,西坝河,1599,"96,541元/平",3室2厅 , 165.63平米 , 东 南 西 , 精装 , 21层 , 2009年建 , 板塔结合,1人关注 , 14天以前发布,近地铁,VR看装修,房本满五年,
K2玉m湾 南北通透 精装平层四居室  园林社区 近城铁,必看好房,K2玉m湾 ,九棵树(家乐福),1400,"60,270元/平",4室1厅 , 232.29平米 , 南 北 , 精装 , 27层 , 2015年建 , 板楼,2人关注 , 8天以前发布,近地铁,VR看装修,房本满两年,
庑殿家苑B区南北通透三居室，高楼层采光好,必看好房,庑殿家苑B区 ,旧宫,480,"44,346元/平",3室2厅 , 108.24平米 , 南 北 , 简装 , 高楼层(共17层) , 2015年建 , 板楼,7人关注 , 11天以前发布,,VR看装修,房本满两年,
五棵松 永定路 家属大院 满五唯一 南北全明格局,必看好房,太平路44号院 ,五棵松,1099,"105,238元/平",3室2厅 , 104.43平米 , 东 南 北 , 简装 , 中楼层(共5层) , 1985年建 , 板楼,2人关注 , 7天以前发布,,VR看装修,房本满五年,
带HUAYUAN，采光充足，业主诚意出售，交通便利,必看好房,百旺茉莉园 ,西北旺,1250,"103,358元/平",2室2厅 , 120.94平米 , 东 南 西 , 精装 , 底层(共9层) , 2008年建 , 塔楼,14人关注 , 8天以前发布,近地铁,VR房源,房本满五年,
上京新航线  经典3+2  满五唯一  南北通透,必看好房,上京新航线 ,望京,1455,"104,511元/平",3室2厅 , 139.22平米 , 南 北 , 精装 , 中楼层(共26层) , 2008年建 , 板楼,24人关注 , 15天以前发布,,VR房源,房本满五年,
都市经典家园东南北两居 户型方正 视野佳,必看好房,都市经典家园 ,甘露园,980,"67,905元/平",2室2厅 , 144.32平米 , 东 南 北 , 简装 , 顶层(共24层) , 2003年建 , 塔楼,8人关注 , 7天以前发布,,VR房源,房本满五年,
右安门内 印钞厂宿舍南北通透3居 满五年唯一 随时签约,必看好房,新安北里 ,白纸坊,810,"115,814元/平",3室1厅 , 69.94平米 , 南 北 , 简装 , 低楼层(共6层) , 1984年建 , 板楼,11人关注 , 8天以前发布,近地铁,VR看装修,房本满五年,
房子满五唯一，户型方正，南北通透，视野好，有电梯,必看好房,特区808 ,石佛营,862,"59,741元/平",3室2厅 , 144.29平米 , 南 北 , 精装 , 低楼层(共14层) , 2000年建 , 板塔结合,8人关注 , 10天以前发布,,VR看装修,房本满五年,
京奥家园高楼层全明格局三居室，直通车库，满五唯一,必看好房,奥林匹克花园四期 ,东坝,975,"70,612元/平",3室2厅 , 138.08平米 , 南 北 , 精装 , 中楼层(共9层) , 2012年建 , 板楼,8人关注 , 12天以前发布,,VR看装修,房本满五年,
店长推荐今典花园楼层好 视野开阔 采光充足 配套完善,必看好房,今典花园 ,小西天,885,"97,910元/平",2室2厅 , 90.39平米 , 西南 , 精装 , 25层 , 2002年建 , 塔楼,18人关注 , 10天以前发布,,VR房源,房本满两年,
前排6号楼 正对奥森 全明格局 双卧朝南,必看好房,世茂奥临花园 ,奥林匹克公园,1980,"99,373元/平",3室2厅 , 199.25平米 , 南 北 , 精装 , 低楼层(共27层) , 2007年建 , 板楼,0人关注 , 12天以前发布,,VR看装修,房本满五年,
华润公元九里 精装大四居 大客厅 大面宽,必看好房,华润公元九里 ,高米店,2180,"75,561元/平",4室2厅 , 288.51平米 , 南 西 北 , 精装 , 中楼层(共7层) , 2014年建 , 板楼,6人关注 , 12天以前发布,,VR看装修,房本满两年,
兴隆家园一梯两户 三面朝南 满五唯一 精装修,必看好房,兴隆家园 ,高碑店,735,"67,444元/平",3室1厅 , 108.98平米 , 南 北 , 精装 , 7层 , 2000年建 , 板楼,18人关注 , 14天以前发布,近地铁,VR看装修,房本满五年,
五里店北里一区 3室1厅 南 北,必看好房,五里店北里一区 ,五里店,720,"52,498元/平",3室1厅 , 137.15平米 , 南 北 , 简装 , 高楼层(共10层) , 2003年建 , 板楼,2人关注 , 11天以前发布,,VR房源,房本满五年,
只有契税，随时看房，四卧室朝南，前后花园，小区中间,必看好房,流星花园一区 ,回龙观,1300,"44,611元/平",5室2厅 , 291.41平米 , 南 北 , 精装 , 底层(共3层) , 2003年建 , 暂无数据,6人关注 , 3天以前发布,近地铁,VR房源,随时看房,
惠新里满五年唯一，双轨地铁，管理好，安静不临街,必看好房,惠新里小区 ,惠新西街,428,"75,619元/平",2室1厅 , 56.6平米 , 南 北 , 精装 , 顶层(共6层) , 1992年建 , 板楼,65人关注 , 29天以前发布,近地铁,VR看装修,房本满五年,随时看房
百万庄2号院双东全明，户型方正采光视野好,必看好房,百万庄2号院 ,阜成门,525,"101,942元/平",2室1厅 , 51.5平米 , 东 , 毛坯 , 顶层(共6层) , 1975年建 , 板楼,50人关注 , 19天以前发布,近地铁,VR看装修,房本满五年,随时看房
中海金石公馆优质两居，精装修视野开阔,必看好房,中海金石公馆 ,古城,653,"76,491元/平",2室2厅 , 85.37平米 , 南 , 精装 , 高楼层(共18层) , 2014年建 , 板楼,15人关注 , 21天以前发布,,VR看装修,房本满五年,随时看房
果园九棵树别墅洋房电梯两居 环境优美 配套完善,必看好房,龙湖蔚澜香醍 ,九棵树(家乐福),508,"56,489元/平",2室1厅 , 89.93平米 , 南 , 简装 , 高楼层(共18层) , 2012年建 , 板楼,12人关注 , 15天以前发布,,VR看装修,房本满五年,随时看房
新上两居室 低楼层 房龄新  双卧室朝南,必看好房,滨河东里南区 ,枣园,239,"36,741元/平",2室1厅 , 65.05平米 , 南 , 简装 , 低楼层(共6层) , 1999年建 , 板楼,40人关注 , 15天以前发布,,VR看装修,房本满五年,随时看房
朝阳甜水园东里南北通透三居室中间楼层采光好,必看好房,甜水园东里 ,甜水园,520,"74,499元/平",3室1厅 , 69.8平米 , 南 北 , 简装 , 中楼层(共6层) , 1986年建 , 板楼,23人关注 , 14天以前发布,近地铁,VR房源,房本满五年,随时看房
御景山 1室1厅 北,必看好房,御景山 ,杨庄,326,"44,276元/平",1室1厅 , 73.63平米 , 北 , 精装 , 中楼层(共14层) , 2003年建 , 板塔结合,6人关注 , 7天以前发布,近地铁,VR房源,房本满五年,随时看房
草桥地铁站，南北三居，全明格局，全南卧室，绿化好,必看好房,草桥欣园三区 ,草桥,645,"71,106元/平",3室2厅 , 90.71平米 , 南 北 , 简装 , 低楼层(共12层) , 1999年建 , 板楼,41人关注 , 16天以前发布,近地铁,VR房源,房本满五年,随时看房
马家堡角门明厅两居  中间楼层  采光无遮挡,必看好房,角门东里 ,角门,310,"54,007元/平",2室1厅 , 57.4平米 , 南 北 , 简装 , 中楼层(共6层) , 1993年建 , 板楼,34人关注 , 13天以前发布,近地铁,VR看装修,房本满五年,随时看房
首开常青藤二期  南侧带阳台 南北通透 全明格局,必看好房,首开常青藤二期 ,东坝,725,"79,505元/平",3室2厅 , 91.19平米 , 南 北 西 , 简装 , 低楼层(共6层) , 2013年建 , 板楼,26人关注 , 15天以前发布,,VR房源,房本满五年,随时看房
五棵松 太平路44号院 南北通透 中楼层 采光好 视野佳,必看好房,太平路44号院 ,五棵松,860,"112,272元/平",3室1厅 , 76.6平米 , 南 北 , 简装 , 中楼层(共5层) , 1982年建 , 板楼,13人关注 , 15天以前发布,,VR看装修,房本满五年,随时看房
南北通透双卫，高楼层，近地铁，近奥莱，近公园,必看好房,芭蕾雨悦都南区 ,长阳,495,"41,001元/平",3室1厅 , 120.73平米 , 南 北 , 精装 , 9层 , 2013年建 , 板楼,11人关注 , 14天以前发布,近地铁,VR看装修,房本满五年,随时看房
此房南北通透，全明格局，业主自住装修，诚心出售。,必看好房,住总万科橙 ,天宫院,426,"45,669元/平",3室2厅 , 93.28平米 , 南 北 , 简装 , 低楼层(共28层) , 2015年建 , 板楼,9人关注 , 12天以前发布,近地铁,VR房源,房本满五年,随时看房
西三环北路23号院中间楼层，南北通透，采光好,必看好房,西三环北路23号院 ,厂洼,660,"116,526元/平",2室1厅 , 56.64平米 , 南 北 , 精装 , 中楼层(共6层) , 1988年建 , 板楼,8人关注 , 11天以前发布,,VR看装修,房本满五年,随时看房
东三环双井 户型方正，明厨明卫，带阳台，带储藏间,必看好房,黄木庄3号院 ,双井,415,"62,822元/平",2室1厅 , 66.06平米 , 东 北 , 简装 , 高楼层(共18层) , 1991年建 , 塔楼,3人关注 , 13天以前发布,,VR房源,房本满五年,随时看房
大羊坊路79号 东南向 光线好 无遮挡,必看好房,大羊坊路79号 ,十里河,398,"43,093元/平",3室1厅 , 92.36平米 , 东南 , 简装 , 中楼层(共6层) , 1998年建 , 板楼,6人关注 , 12天以前发布,近地铁,VR看装修,房本满五年,随时看房
新景家园商品房 南北通透不临街 一梯三户 满五唯一,必看好房,新景家园东区 ,崇文门,940,"124,405元/平",2室1厅 , 75.56平米 , 南 北 , 精装 , 低楼层(共12层) , 2005年建 , 板楼,27人关注 , 16天以前发布,,VR看装修,房本满五年,随时看房
松榆里  精装修  组合贷25年  有电梯,必看好房,松榆里 ,潘家园,315,"68,598元/平",2室1厅 , 45.92平米 , 西南 , 精装 , 高楼层(共19层) , 1993年建 , 塔楼,15人关注 , 16天以前发布,近地铁,VR看装修,房本满五年,随时看房
弘善家园，全南一居室，精装修，随时签约,必看好房,弘善家园 ,潘家园,399,"66,790元/平",1室1厅 , 59.74平米 , 南 , 精装 , 中楼层(共28层) , 2009年建 , 塔楼,10人关注 , 11天以前发布,近地铁,VR看装修,房本满两年,随时看房
南庭新苑北区 南向两居 高层采光好  婚房装修,必看好房,南庭新苑北区 ,新宫,390,"66,125元/平",2室1厅 , 58.98平米 , 南 , 精装 , 高楼层(共16层) , 2010年建 , 板塔结合,43人关注 , 13天以前发布,近地铁,VR看装修,房本满五年,随时看房
德外人定湖西里    公园边两居室,必看好房,人定湖西里 ,六铺炕,850,"125,369元/平",2室1厅 , 67.8平米 , 东南 , 其他 , 中楼层(共6层) , 1980年建 , 板楼,12人关注 , 11天以前发布,,VR房源,房本满五年,随时看房
天鑫家园，双卧朝南，精装三居，配套齐全，交通方便,必看好房,天鑫家园 ,霍营,495,"50,692元/平",3室1厅 , 97.65平米 , 南 北 , 精装 , 低楼层(共6层) , 2002年建 , 板楼,3人关注 , 13天以前发布,,VR看装修,房本满五年,随时看房
优质房源推荐石坊院小区，二层南北通透2居室,必看好房,石坊院 ,鼓楼大街,249,"39,924元/平",2室1厅 , 62.37平米 , 南 北 , 简装 , 低楼层(共6层) , 1992年建 , 板楼,12人关注 , 14天以前发布,近地铁,VR看装修,房本满五年,随时看房
急售好房   精装修   纯南两居    户型方正  电梯房,必看好房,富力惠兰美居 ,潞苑,249,"37,254元/平",2室1厅 , 66.84平米 , 南 , 精装 , 低楼层(共28层) , 2016年建 , 暂无数据,9人关注 , 13天以前发布,,VR看装修,房本满五年,随时看房
海棠湾一期 全向两居室，满五年唯一，不临街不把边,必看好房,海棠湾一期 ,临河里,439,"47,947元/平",2室2厅 , 91.56平米 , 南 , 简装 , 中楼层(共26层) , 2011年建 , 板塔结合,7人关注 , 14天以前发布,近地铁,VR看装修,房本满五年,随时看房
高楼层 采光好 婚房装修 拎包入住 两室两厅户型好,必看好房,东土城路9号院 ,和平里,668,"90,872元/平",2室2厅 , 73.51平米 , 东南 , 精装 , 高楼层(共22层) , 1999年建 , 板塔结合,3人关注 , 12天以前发布,近地铁,VR看装修,房本满五年,随时看房
西城 什刹海，小石桥胡同11号院,必看好房,小石桥胡同11号院 ,六铺炕,758,"169,956元/平",2室1厅 , 44.6平米 , 东 , 精装 , 顶层(共4层) , 1976年建 , 板楼,2人关注 , 7天以前发布,近地铁,VR看装修,房本满五年,随时看房
满五年唯一住房 地铁口700米 中楼层,必看好房,空港吉祥花园 ,后沙峪,376,"53,585元/平",2室1厅 , 70.17平米 , 南 , 简装 , 中楼层(共11层) , 2009年建 , 板塔结合,12人关注 , 15天以前发布,近地铁,VR看装修,房本满五年,随时看房
南北通透格局好 红莲北里经典两居室,必看好房,红莲北里 ,马连道,645,"113,517元/平",2室1厅 , 56.82平米 , 南 北 , 简装 , 低楼层(共6层) , 1983年建 , 板楼,12人关注 , 14天以前发布,近地铁,VR看装修,房本满五年,随时看房
京汉旭城中高楼层 南北通透  一梯两户 明厨明卫,必看好房,京汉旭城 ,鲁谷,609,"70,235元/平",2室1厅 , 86.71平米 , 南 北 , 简装 , 高楼层(共15层) , 2003年建 , 板楼,25人关注 , 13天以前发布,,VR看装修,房本满五年,随时看房
金隅万科城二期 满五唯一 采光好 视野开阔 随时看房,必看好房,金隅万科城二期 ,鼓楼大街,399,"47,416元/平",2室1厅 , 84.15平米 , 东 西 , 精装 , 高楼层(共26层) , 2012年建 , 板塔结合,4人关注 , 16天以前发布,,VR看装修,房本满五年,随时看房
万科天空之城 南北通透 婚房装修 好楼层 拎包入住,必看好房,龙兴园北区 ,回龙观,475,"55,889元/平",2室2厅 , 84.99平米 , 南 北 , 精装 , 中楼层(共6层) , 2000年建 , 板楼,8人关注 , 12天以前发布,,VR看装修,房本满五年,随时看房
瀛海家园融园D区、边户南北通透电梯两居室。,必看好房,瀛海家园融园D区 ,瀛海,325,"37,928元/平",2室1厅 , 85.69平米 , 西 南 北 , 简装 , 低楼层(共15层) , 2014年建 , 板楼,6人关注 , 12天以前发布,,VR房源,房本满两年,随时看房
方恒东景 2012年新社区 近地铁 有电梯 35%绿化,必看好房,方恒东景 ,临河里,389,"41,837元/平",3室1厅 , 92.98平米 , 南 北 , 精装 , 高楼层(共29层) , 2013年建 , 板塔结合,3人关注 , 10天以前发布,近地铁,VR看装修,房本满五年,随时看房
【首付110万】【四环小三居】【着急出售】随时看房,必看好房,看丹路4号院 ,科技园区,285,"46,425元/平",3室1厅 , 61.39平米 , 南 北 , 简装 , 顶层(共6层) , 1990年建 , 板楼,10人关注 , 14天以前发布,近地铁,VR看装修,房本满五年,随时看房
玉林东里二区双南向二居室，户型方正，采光好,必看好房,玉林东里二区 ,右安门外,428,"64,869元/平",2室1厅 , 65.98平米 , 东南 , 简装 , 低楼层(共18层) , 1993年建 , 塔楼,3人关注 , 8天以前发布,近地铁,VR房源,房本满五年,随时看房
五里店南里低楼层，带明厅小三居。,必看好房,五里店南里 ,五里店,299,"43,529元/平",3室1厅 , 68.69平米 , 东 南 北 , 简装 , 低楼层(共6层) , 1990年建 , 板楼,7人关注 , 12天以前发布,,VR看装修,房本满两年,随时看房
劲松南路    南向一居室    大客厅    采光好,必看好房,劲松南路 ,劲松,335,"66,311元/平",1室1厅 , 50.52平米 , 南 , 简装 , 低楼层(共18层) , 1995年建 , 塔楼,21人关注 , 13天以前发布,近地铁,VR看装修,房本满五年,随时看房
方庄南路18号院 东南正规两居室,必看好房,方庄南路18号院 ,成寿寺,436,"50,586元/平",2室1厅 , 86.19平米 , 东南 , 简装 , 低楼层(共18层) , 2012年建 , 塔楼,24人关注 , 14天以前发布,近地铁,VR看装修,房本满五年,随时看房
六里屯北里近地铁全明格局三居！中间楼层不临街！,必看好房,六里屯北里 ,甜水园,448,"71,992元/平",3室1厅 , 62.23平米 , 东 南 北 , 简装 , 高楼层(共6层) , 1985年建 , 板楼,12人关注 , 11天以前发布,近地铁,VR看装修,房本满两年,随时看房
马连道中里三区，朝南三室一厅，满五年房改房，没遮挡,必看好房,马连道中里 ,马连道,880,"114,020元/平",3室1厅 , 77.18平米 , 南 , 简装 , 高楼层(共18层) , 1995年建 , 塔楼,40人关注 , 15天以前发布,,VR房源,房本满五年,随时看房
视野开阔，采光好风景房一览无余，俯瞰运河，电梯房,必看好房,合生滨江帝景一期 ,玉桥,575,"51,280元/平",3室1厅 , 112.13平米 , 南 , 精装 , 高楼层(共27层) , 2014年建 , 板楼,8人关注 , 12天以前发布,,VR看装修,房本满五年,随时看房
兴海家园星苑     南北通透三居室,必看好房,兴海家园星苑 ,西红门,495,"45,124元/平",3室1厅 , 109.7平米 , 南 北 , 精装 , 中楼层(共6层) , 2004年建 , 板楼,14人关注 , 13天以前发布,近地铁,VR看装修,房本满两年,随时看房
嘉铭桐城C区 东南两居室 满五年唯一 诚意出售,必看好房,嘉铭桐城C区 ,亚运村小营,939,"85,194元/平",2室2厅 , 110.22平米 , 东南 , 精装 , 中楼层(共28层) , 2004年建 , 塔楼,14人关注 , 10天以前发布,近地铁,VR房源,房本满五年,随时看房
滨河西里南区97年的房子不把边不临街4层满五唯一,必看好房,滨河西里南区 ,枣园,243,"40,494元/平",2室1厅 , 60.01平米 , 南 北 , 简装 , 中楼层(共6层) , 1997年建 , 板楼,37人关注 , 15天以前发布,近地铁,VR房源,房本满五年,随时看房
满五年唯一，南向2居，高层观景，自住精装，诚意出售,必看好房,北京新天地一期 ,常营,585,"58,425元/平",2室1厅 , 100.13平米 , 南 , 精装 , 高楼层(共28层) , 2004年建 , 板塔结合,6人关注 , 8天以前发布,近地铁,VR看装修,房本满五年,随时看房
力源里 正规两居 满五年 楼层高 视野棒 采光好,必看好房,力源里 ,四惠,460,"70,813元/平",2室2厅 , 64.96平米 , 西南 , 简装 , 高楼层(共24层) , 1996年建 , 塔楼,9人关注 , 12天以前发布,近地铁,VR看装修,房本满五年,随时看房
南苑北里三区，东西通透三居，诚心出售，随时看房,必看好房,南苑北里三区 ,和义,273,"35,497元/平",3室1厅 , 76.91平米 , 东 西 , 简装 , 顶层(共6层) , 1995年建 , 板楼,16人关注 , 15天以前发布,,VR房源,房本满两年,随时看房
劲松磨房北里10号线14号线 明厅两居 南北通透 满五年,必看好房,磨房北里 ,北工大,397,"65,936元/平",2室1厅 , 60.21平米 , 北 南 , 简装 , 中楼层(共6层) , 1994年建 , 板楼,16人关注 , 14天以前发布,近地铁,VR看装修,房本满五年,随时看房
对小区花园视野好，采光好，户型方正，业主诚意出售。,必看好房,国美第一城2号院 ,朝青,650,"74,049元/平",2室1厅 , 87.78平米 , 东 , 简装 , 27层 , 2006年建 , 板塔结合,12人关注 , 14天以前发布,,VR看装修,房本满五年,随时看房
石景嘉园东南一居  正规一室一厅  满五年唯一  精装修,必看好房,石景嘉园 ,八角,208,"38,590元/平",1室1厅 , 53.9平米 , 东南 , 精装 , 低楼层(共21层) , 2010年建 , 塔楼,18人关注 , 14天以前发布,,VR看装修,房本满五年,随时看房
富力盛悦居 南北通透三居室 一梯两户 电梯洋房,必看好房,富力盛悦居 ,旧宫,755,"77,900元/平",3室2厅 , 96.92平米 , 南 北 , 精装 , 顶层(共9层) , 2013年建 , 板楼,7人关注 , 10天以前发布,近地铁,VR看装修,房本满五年,随时看房
恒基中心 2室1厅 东,必看好房,恒基中心 ,建国门内,790,"77,482元/平",2室1厅 , 101.96平米 , 东 , 精装 , 低楼层(共23层) , 1997年建 , 板塔结合,7人关注 , 9天以前发布,近地铁,VR房源,房本满两年,随时看房
丰台区 蒲安西里 中间楼层 精装修 有正规客厅户型,必看好房,蒲安西里 ,蒲黄榆,382,"58,179元/平",2室1厅 , 65.66平米 , 东 北 , 简装 , 中楼层(共6层) , 1995年建 , 板楼,16人关注 , 16天以前发布,近地铁,VR房源,房本满五年,随时看房
人车分流 绿化30% 电梯洋房一梯二户,必看好房,首开香溪郡 ,通州其它,378,"36,871元/平",3室1厅 , 102.52平米 , 南 北 , 精装 , 低楼层(共8层) , 2015年建 , 板楼,4人关注 , 15天以前发布,,VR看装修,房本满两年,随时看房
店长推荐，中高楼层电梯房，交通便利，配套齐全,必看好房,刘家窑东里 ,蒲黄榆,450,"55,433元/平",3室1厅 , 81.18平米 , 东 北 , 简装 , 中楼层(共18层) , 1990年建 , 塔楼,11人关注 , 16天以前发布,近地铁,VR房源,房本满五年,随时看房
积水潭地铁300米 中间层两居  看房方便诚意出售,必看好房,新外大街31号院 ,小西天,452,"99,780元/平",2室0厅 , 45.3平米 , 东 西 , 毛坯 , 中楼层(共6层) , 1986年建 , 板楼,6人关注 , 14天以前发布,近地铁,VR看装修,房本满五年,随时看房
正规一室一厅，窗外对着小区里边安静舒适,必看好房,远洋山水 ,鲁谷,519,"73,357元/平",1室1厅 , 70.75平米 , 东 , 精装 , 25层 , 2005年建 , 塔楼,9人关注 , 17天以前发布,近地铁,VR看装修,房本满五年,随时看房
小区楼龄新，人车分流车位充足，正规两居室，拎包入住,必看好房,庚坊国际 ,北太平庄,550,"105,324元/平",2室1厅 , 52.22平米 , 东 , 简装 , 高楼层(共16层) , 2005年建 , 塔楼,7人关注 , 7天以前发布,近地铁,VR看装修,房本满五年,随时看房
海子角南里 满五唯一 楼层好 视野佳,必看好房,海子角南里 ,观音寺,226,"28,343元/平",2室2厅 , 79.74平米 , 南 , 精装 , 高楼层(共6层) , 2001年建 , 板楼,6人关注 , 11天以前发布,,VR房源,房本满五年,随时看房
育新花园北里，房子楼层好产权清晰。,必看好房,育新花园北里 ,大兴新机场洋房别墅区,188,"22,118元/平",2室2厅 , 85平米 , 南 北 , 精装 , 18层 , 2014年建 , 板楼,4人关注 , 13天以前发布,,VR看装修,房本满两年,随时看房
裕龙花园一区 南北通透 带阳台，西边窗，满五唯一,必看好房,裕龙一区 ,顺义城,390,"36,800元/平",3室1厅 , 105.98平米 , 南 北 , 精装 , 低楼层(共6层) , 1998年建 , 板楼,5人关注 , 14天以前发布,,VR看装修,房本满五年,随时看房
近地铁经典正规一居室，商圈配套齐全，业主靠谱出售,必看好房,金隅丽景园 ,常营,226,"44,253元/平",1室1厅 , 51.07平米 , 西 , 简装 , 22层 , 2010年建 , 塔楼,21人关注 , 15天以前发布,近地铁,VR看装修,房本满五年,随时看房
定福家园3号院 3室1厅 南 北,必看好房,定福家园3号院 ,定福庄,560,"54,967元/平",3室1厅 , 101.88平米 , 南 北 , 其他 , 低楼层(共12层) , 2006年建 , 板楼,9人关注 , 11天以前发布,近地铁,VR看装修,房本满五年,随时看房
东直门外柳芳南里正规大一居室，采光好，视野好,必看好房,柳芳南里 ,国展,420,"83,799元/平",1室1厅 , 50.12平米 , 南 , 简装 , 中楼层(共18层) , 1990年建 , 塔楼,5人关注 , 10天以前发布,,VR看装修,房本满五年,随时看房
燕山水泥厂 2室2厅 南 北,必看好房,燕山水泥厂 ,石景山其它,263,"37,782元/平",2室2厅 , 69.61平米 , 南 北 , 简装 , 中楼层(共4层) , 2000年建 , 板楼,6人关注 , 7天以前发布,,VR房源,房本满五年,随时看房
六营门，低楼层，南北两居室，精装修,必看好房,六营门小区 ,万源,370,"60,656元/平",2室1厅 , 61平米 , 南 北 , 精装 , 低楼层(共6层) , 1985年建 , 板楼,8人关注 , 9天以前发布,近地铁,VR看装修,房本满两年,随时看房
十佳物业2层两居南北通透采光视野好适合有老人家庭,必看好房,望都新地 ,北七家,378,"42,075元/平",2室1厅 , 89.84平米 , 南 北 , 简装 , 低楼层(共6层) , 2009年建 , 板楼,8人关注 , 12天以前发布,,VR房源,房本满五年,随时看房
芳源里  南北通透  电梯两居 全明户型,必看好房,芳源里 ,旧宫,440,"45,259元/平",2室2厅 , 97.22平米 , 南 北 , 简装 , 顶层(共6层) , 2010年建 , 板楼,14人关注 , 9天以前发布,近地铁,VR房源,房本满两年,随时看房
五矿家属楼，中间层，费用少，交通便利,必看好房,西三环北路23号院 ,厂洼,640,"117,432元/平",2室1厅 , 54.5平米 , 南 , 精装 , 中楼层(共6层) , 1988年建 , 板楼,7人关注 , 11天以前发布,,VR看装修,房本满五年,随时看房
南中轴 康泽园 2000年商品房 满五唯一 明厅,必看好房,康泽园 ,赵公口,523,"51,381元/平",2室2厅 , 101.79平米 , 西南 , 简装 , 20层 , 2000年建 , 塔楼,8人关注 , 14天以前发布,近地铁,VR房源,房本满五年,随时看房
住欣家园东区 正规两居室 草房地铁站,必看好房,住欣家园 ,常营,300,"42,487元/平",2室1厅 , 70.61平米 , 西 , 精装 , 低楼层(共21层) , 2010年建 , 塔楼,37人关注 , 15天以前发布,近地铁,VR房源,房本满五年,随时看房
此房满五唯一，装修花了25万左右，集中供暖，近地铁,必看好房,鸿顺园西区 ,良乡,279,"31,073元/平",2室2厅 , 89.79平米 , 南 北 , 精装 , 底层(共6层) , 2003年建 , 板楼,14人关注 , 13天以前发布,近地铁,VR房源,房本满五年,随时看房
玺源台 2室1厅 西,必看好房,玺源台 ,广安门,826,"130,470元/平",2室1厅 , 63.31平米 , 西 , 精装 , 中楼层(共15层) , 2015年建 , 板塔结合,3人关注 , 12天以前发布,,VR房源,房本满两年,随时看房
小关北里新上，南北通透，满五唯一，精装修,必看好房,小关北里 ,惠新西街,550,"86,492元/平",2室1厅 , 63.59平米 , 南 北 , 精装 , 中楼层(共6层) , 1993年建 , 板楼,5人关注 , 11天以前发布,近地铁,VR看装修,房本满五年,随时看房
无遮挡 采光好 精装修 全南向 格局方正视野好,必看好房,北京经开壹中心 ,亦庄,328,"73,991元/平",1室0厅 , 44.33平米 , 南 , 简装 , 中楼层(共11层) , 2016年建 , 板楼,3人关注 , 5天以前发布,近地铁,VR看装修,房本满两年,随时看房
六里屯北里近地铁全明格局三居！中间楼层不临街！,必看好房,六里屯北里 ,甜水园,448,"71,992元/平",3室1厅 , 62.23平米 , 东 南 北 , 简装 , 高楼层(共6层) , 1985年建 , 板楼,13人关注 , 11天以前发布,近地铁,VR看装修,房本满两年,随时看房
青年汇佳园二期 业主诚意出售 户型方正,必看好房,青年汇佳园 ,朝青,576,"87,672元/平",1室1厅 , 65.7平米 , 南 西北 , 精装 , 中楼层(共13层) , 2008年建 , 板塔结合,8人关注 , 14天以前发布,近地铁,VR看装修,房本满五年,随时看房
大方居满五唯一商品房东西通透楼层视野好配套齐全,必看好房,大方居 ,九棵树(家乐福),298,"33,639元/平",2室1厅 , 88.59平米 , 东 西 , 简装 , 高楼层(共22层) , 2010年建 , 板塔结合,3人关注 , 16天以前发布,,VR房源,房本满五年,随时看房
龙德嘉园优质两居室，满五年唯一精装修，诚心出售,必看好房,杨庄北区 ,杨庄,405,"55,571元/平",2室1厅 , 72.88平米 , 东南 , 精装 , 低楼层(共20层) , 2001年建 , 塔楼,7人关注 , 10天以前发布,近地铁,VR房源,房本满五年,随时看房
海特花园1999年，精装修，南北通透，满五年唯一,必看好房,海特花园西区 ,苹果园,405,"56,204元/平",2室1厅 , 72.06平米 , 南 北 , 精装 , 中楼层(共13层) , 1999年建 , 板塔结合,50人关注 , 15天以前发布,,VR房源,房本满五年,随时看房
此房三面朝南，采光充足，户型方正居住舒适,必看好房,远洋一方润园6号院 ,双桥,365,"49,265元/平",2室1厅 , 74.09平米 , 南 , 简装 , 高楼层(共15层) , 2011年建 , 板塔结合,29人关注 , 12天以前发布,,VR看装修,房本满五年,随时看房
开阳里五区 南北通透 中间楼层 优质两居 满五年唯一,必看好房,开阳里五区 ,北京南站,520,"78,598元/平",2室1厅 , 66.16平米 , 南 北 , 简装 , 中楼层(共6层) , 2002年建 , 板楼,9人关注 , 9天以前发布,近地铁,VR看装修,房本满五年,随时看房
东城区 景泰东里 东向一居室 近地铁 有电梯,必看好房,景泰东里 ,蒲黄榆,480,"93,386元/平",1室1厅 , 51.4平米 , 东 , 精装 , 高楼层(共9层) , 1994年建 , 板塔结合,2人关注 , 4天以前发布,近地铁,VR看装修,房本满五年,随时看房
gogo新世代高楼层朝西一居室，精装修，楼下双地铁,必看好房,gogo新世代 ,方庄,308,"66,870元/平",1室1厅 , 46.06平米 , 西 , 精装 , 高楼层(共32层) , 2005年建 , 板塔结合,2人关注 , 5天以前发布,近地铁,VR看装修,房本满两年,随时看房
玉桥北里，低楼层两居室，诚心出售，随时看房随时签约,必看好房,玉桥北里 ,乔庄,214,"38,072元/平",2室1厅 , 56.21平米 , 东 北 , 精装 , 低楼层(共6层) , 1990年建 , 板楼,1人关注 , 4天以前发布,,VR房源,房本满两年,随时看房
美然动力A3区，集中供暖，6号线褡裢坡，南北通透,必看好房,美然动力A3区 ,定福庄,400,"53,699元/平",1室1厅 , 74.49平米 , 南 北 , 精装 , 顶层(共6层) , 2002年建 , 板楼,13人关注 , 15天以前发布,近地铁,VR房源,房本满五年,随时看房
京品小区 1室1厅 东北,必看好房,京品小区 ,西罗园,420,"73,299元/平",1室1厅 , 57.3平米 , 东北 , 简装 , 15层 , 2005年建 , 板塔结合,4人关注 , 9天以前发布,,VR看装修,房本满五年,随时看房
